<?xml version="1.0" encoding="UTF-8"?>
<VDSMapping version="1.0">
  <ResourceTypes>
    <InputBits name="Input Digi IO Bits">
      <InputBit deviceID="VCM1" invert="false" logicalName="IN63" resourceID="x" subDeviceID="VIM103"></InputBit>
      <InputBit deviceID="VCM3" invert="false" logicalName="IN62" resourceID="5" subDeviceID="VIM102"></InputBit>
      <InputBit deviceID="VCM2" invert="false" logicalName="IN61" resourceID="5" subDeviceID="VIM102"></InputBit>
      <InputBit deviceID="VCM1" invert="false" logicalName="IN60" resourceID="4" subDeviceID="VIM102"></InputBit>
      <InputBit deviceID="VCM1" invert="false" logicalName="IN59" resourceID="3" subDeviceID="VIM102"></InputBit>
      <InputBit deviceID="VCM1" invert="false" logicalName="IN58" resourceID="2" subDeviceID="VIM102"></InputBit>
      <InputBit deviceID="VCM1" invert="false" logicalName="IN57" resourceID="1" subDeviceID="VIM102"></InputBit>
      <InputBit deviceID="VCM1" invert="false" logicalName="IN56" resourceID="14" subDeviceID="VIM102"></InputBit>
      <InputBit deviceID="VCM1" invert="false" logicalName="IN55" resourceID="13" subDeviceID="VIM102"></InputBit>
      <InputBit deviceID="VCM2" invert="false" logicalName="IN54" resourceID="14" subDeviceID="VIM102"></InputBit>
      <InputBit deviceID="VCM2" invert="false" logicalName="IN53" resourceID="13" subDeviceID="VIM102"></InputBit>
      <InputBit deviceID="VCM3" invert="false" logicalName="IN52" resourceID="12" subDeviceID="VIM102"></InputBit>
      <InputBit deviceID="VCM1" invert="false" logicalName="IN51" resourceID="12" subDeviceID="VIM102"></InputBit>
      <InputBit deviceID="VCM2" invert="false" logicalName="IN50" resourceID="12" subDeviceID="VIM102"></InputBit>
      <InputBit deviceID="VCM1" invert="false" logicalName="IN49" resourceID="10" subDeviceID="VIM102"></InputBit>
      <InputBit deviceID="VCM2" invert="false" logicalName="IN48" resourceID="10" subDeviceID="VIM102"></InputBit>
      <InputBit deviceID="VCM1" invert="false" logicalName="IN47" resourceID="x" subDeviceID="VIM103"></InputBit>
      <InputBit deviceID="VCM1" invert="false" logicalName="IN46" resourceID="x" subDeviceID="VIM104"></InputBit>
      <InputBit deviceID="VCM1" invert="false" logicalName="IN45" resourceID="x" subDeviceID="VIM104"></InputBit>
      <InputBit deviceID="VCM1" invert="false" logicalName="IN44" resourceID="x" subDeviceID="VIM104"></InputBit>
      <InputBit deviceID="VCM1" invert="false" logicalName="IN43" resourceID="x" subDeviceID="VIM104"></InputBit>
      <InputBit deviceID="VCM1" invert="false" logicalName="IN42" resourceID="x" subDeviceID="VIM104"></InputBit>
      <InputBit deviceID="VCM1" invert="false" logicalName="IN41" resourceID="7" subDeviceID="VIM0"></InputBit>
      <InputBit deviceID="VCM1" invert="false" logicalName="IN40" resourceID="6" subDeviceID="VIM0"></InputBit>
      <InputBit deviceID="VCM1" invert="false" logicalName="IN39" resourceID="5" subDeviceID="VIM0"></InputBit>
      <InputBit deviceID="VCM1" invert="false" logicalName="IN38" resourceID="4" subDeviceID="VIM0"></InputBit>
      <InputBit deviceID="VCM1" invert="false" logicalName="IN37" resourceID="3" subDeviceID="VIM0"></InputBit>
      <InputBit deviceID="VCM1" invert="false" logicalName="IN36" resourceID="2" subDeviceID="VIM0"></InputBit>
      <InputBit deviceID="VCM1" invert="false" logicalName="IN35" resourceID="1" subDeviceID="VIM0"></InputBit>
      <InputBit deviceID="VCM1" invert="false" logicalName="IN34" resourceID="0" subDeviceID="VIM0"></InputBit>
      <InputBit deviceID="VCM1" invert="false" logicalName="IN33" resourceID="7" subDeviceID="VIM102"></InputBit>      	  
      <InputBit deviceID="VCM1" invert="false" logicalName="IN32" resourceID="6" subDeviceID="VIM102"></InputBit>
      <InputBit deviceID="VCM1" invert="false" logicalName="IN31" resourceID="x" subDeviceID="VIM102"></InputBit>
      <InputBit deviceID="VCM1" invert="false" logicalName="IN30" resourceID="x" subDeviceID="VIM102"></InputBit>
      <InputBit deviceID="VCM1" invert="false" logicalName="IN29" resourceID="x" subDeviceID="VIM102"></InputBit>
      <InputBit deviceID="VCM1" invert="false" logicalName="IN28" resourceID="x" subDeviceID="VIM102"></InputBit>
      <InputBit deviceID="VCM1" invert="false" logicalName="IN27" resourceID="x" subDeviceID="VIM102"></InputBit>
      <InputBit deviceID="VCM1" invert="false" logicalName="IN26" resourceID="x" subDeviceID="VIM102"></InputBit>
      <InputBit deviceID="VCM1" invert="false" logicalName="IN25" resourceID="x" subDeviceID="VIM102"></InputBit>	  
      <InputBit deviceID="VCM2" invert="false" logicalName="IN24" resourceID="0" subDeviceID="VIM0"></InputBit>
      <InputBit deviceID="VCM1" invert="false" logicalName="IN23" resourceID="x" subDeviceID="VIM102"></InputBit>
      <InputBit deviceID="VCM1" invert="false" logicalName="IN22" resourceID="x" subDeviceID="VIM102"></InputBit>
      <InputBit deviceID="VCM1" invert="false" logicalName="IN21" resourceID="x" subDeviceID="VIM0"></InputBit>
      <InputBit deviceID="VCM1" invert="false" logicalName="IN20" resourceID="x" subDeviceID="VIM102"></InputBit>
      <InputBit deviceID="VCM1" invert="false" logicalName="IN19" resourceID="x" subDeviceID="VIM102"></InputBit>
      <InputBit deviceID="VCM1" invert="false" logicalName="IN18" resourceID="x" subDeviceID="VIM102"></InputBit>
      <InputBit deviceID="VCM2" invert="false" logicalName="IN17" resourceID="2" subDeviceID="VIM0"></InputBit>
      <InputBit deviceID="VCM1" invert="false" logicalName="IN16" resourceID="x" subDeviceID="VIM201"></InputBit>
      <InputBit deviceID="VCM3" invert="false" logicalName="IN15" resourceID="9" subDeviceID="VIM102"></InputBit>
      <InputBit deviceID="VCM3" invert="false" logicalName="IN14" resourceID="8" subDeviceID="VIM102"></InputBit>
      <InputBit deviceID="VCM1" invert="false" logicalName="IN13" resourceID="5" subDeviceID="VIM102"></InputBit>
      <InputBit deviceID="VCM1" invert="false" logicalName="IN12" resourceID="0" subDeviceID="VIM102"></InputBit>
      <InputBit deviceID="VCM2" invert="false" logicalName="IN11" resourceID="15" subDeviceID="VIM102"></InputBit>
      <InputBit deviceID="VCM2" invert="false" logicalName="IN10" resourceID="9" subDeviceID="VIM102"></InputBit>
      <InputBit deviceID="VCM2" invert="false" logicalName="IN9"  resourceID="8" subDeviceID="VIM102"></InputBit>    	  	  
      <InputBit deviceID="VCM3" invert="false" logicalName="IN8" resourceID="6" subDeviceID="VIM102"></InputBit>
      <InputBit deviceID="VCM1" invert="false" logicalName="IN7" resourceID="x" subDeviceID="VIM102"></InputBit>
      <InputBit deviceID="VCM1" invert="true" logicalName="IN6" resourceID="8" subDeviceID="VIM0" monitor="true" connectionLostState="0"></InputBit>
      <InputBit deviceID="VCM1" invert="false" logicalName="IN5" resourceID="x" subDeviceID="VIM0"></InputBit>
      <InputBit deviceID="VCM1" invert="false" logicalName="IN4" resourceID="2" subDeviceID="VIM203"></InputBit>
      <InputBit deviceID="VCM1" invert="false" logicalName="IN3" resourceID="0" subDeviceID="VIM203"></InputBit>
      <InputBit deviceID="VCM1" invert="false" logicalName="IN2" resourceID="1" subDeviceID="VIM203"></InputBit>  	  
      <InputBit deviceID="VCM1" invert="false" logicalName="IN1" resourceID="0" subDeviceID="VIM201"></InputBit>
      <InputBit deviceID="VCM2" invert="false" logicalName="IN0" resourceID="x" subDeviceID="VIM102"></InputBit>
    </InputBits>
    <OutputBits name="Output Digi IO Bits">
      <OutputBit deviceID="VCM1" invert="false" logicalName="OUT47" resourceID="x" subDeviceID="VOM102"></OutputBit>
      <OutputBit deviceID="VCM1" invert="false" logicalName="OUT46" resourceID="x" subDeviceID="VOM102"></OutputBit>
      <OutputBit deviceID="VCM1" invert="false" logicalName="OUT45" resourceID="x" subDeviceID="VOM102"></OutputBit>
      <OutputBit deviceID="VCM1" invert="false" logicalName="OUT44" resourceID="x" subDeviceID="VOM102"></OutputBit>
      <OutputBit deviceID="VCM1" invert="false" logicalName="OUT43" resourceID="x" subDeviceID="VOM102"></OutputBit>
      <OutputBit deviceID="VCM1" invert="false" logicalName="OUT42" resourceID="x" subDeviceID="VOM102"></OutputBit>
      <OutputBit deviceID="VCM1" invert="false" logicalName="OUT41" resourceID="x" subDeviceID="VOM102"></OutputBit>
      <OutputBit deviceID="VCM1" invert="false" logicalName="OUT40" resourceID="x" subDeviceID="VOM102"></OutputBit>
      <OutputBit deviceID="VCM1" invert="false" logicalName="OUT39" resourceID="x" subDeviceID="VOM102"></OutputBit>
      <OutputBit deviceID="VCM1" invert="false" logicalName="OUT38" resourceID="x" subDeviceID="VOM102"></OutputBit>
      <OutputBit deviceID="VCM1" invert="false" logicalName="OUT37" resourceID="x" subDeviceID="VOM102"></OutputBit>
      <OutputBit deviceID="VCM1" invert="false" logicalName="OUT36" resourceID="x" subDeviceID="VOM102"></OutputBit>
      <OutputBit deviceID="VCM1" invert="false" logicalName="OUT35" resourceID="x" subDeviceID="VOM102"></OutputBit>
      <OutputBit deviceID="VCM1" invert="false" logicalName="OUT34" resourceID="x" subDeviceID="VOM102"></OutputBit>
      <OutputBit deviceID="VCM1" invert="false" logicalName="OUT33" resourceID="x" subDeviceID="VOM102"></OutputBit>
      <OutputBit deviceID="VCM1" invert="false" logicalName="OUT32" resourceID="x" subDeviceID="VOM102"></OutputBit>
      <OutputBit deviceID="VCM1" invert="false" logicalName="OUT31" resourceID="9" subDeviceID="VOM102"></OutputBit>
      <OutputBit deviceID="VCM1" invert="false" logicalName="OUT30" resourceID="8" subDeviceID="VOM102"></OutputBit>
      <OutputBit deviceID="VCM2" invert="false" logicalName="OUT29" resourceID="8" subDeviceID="VOM102"></OutputBit>
      <OutputBit deviceID="VCM1" invert="false" logicalName="OUT28" resourceID="x" subDeviceID="VOM101"></OutputBit>
      <OutputBit deviceID="VCM1" invert="false" logicalName="OUT27" resourceID="x" subDeviceID="VOM101"></OutputBit>
      <OutputBit deviceID="VCM2" invert="false" logicalName="OUT26" resourceID="3" subDeviceID="VOM0"></OutputBit>
      <OutputBit deviceID="VCM2" invert="false" logicalName="OUT25" resourceID="2" subDeviceID="VOM0"></OutputBit>
      <OutputBit deviceID="VCM1" invert="false" logicalName="OUT24" resourceID="x" subDeviceID="VOM101"></OutputBit>	  
      <OutputBit deviceID="VCM1" invert="false" logicalName="OUT23" resourceID="x" subDeviceID="VOM102"></OutputBit>
      <OutputBit deviceID="VCM1" invert="false" logicalName="OUT22" resourceID="x" subDeviceID="VOM102"></OutputBit>
      <OutputBit deviceID="VCM1" invert="false" logicalName="OUT21" resourceID="x" subDeviceID="VOM101"></OutputBit>
      <OutputBit deviceID="VCM1" invert="false" logicalName="OUT20" resourceID="x" subDeviceID="VOM102"></OutputBit>
      <OutputBit deviceID="VCM1" invert="false" logicalName="OUT19" resourceID="x" subDeviceID="VOM0"></OutputBit>
      <OutputBit deviceID="VCM1" invert="false" logicalName="OUT18" resourceID="x" subDeviceID="VOM0"></OutputBit>
      <OutputBit deviceID="VCM1" invert="false" logicalName="OUT17" resourceID="x" subDeviceID="VOM0"></OutputBit>
      <OutputBit deviceID="VCM2" invert="false" logicalName="OUT16" resourceID="0" subDeviceID="VOM0"></OutputBit>
      <OutputBit deviceID="VCM1" invert="false" logicalName="OUT15" resourceID="1" subDeviceID="VOM2"></OutputBit>
      <OutputBit deviceID="VCM1" invert="false" logicalName="OUT14" resourceID="2" subDeviceID="VOM2"></OutputBit>
      <OutputBit deviceID="VCM1" invert="false" logicalName="OUT13" resourceID="0" subDeviceID="VOM3"></OutputBit>
      <OutputBit deviceID="VCM1" invert="false" logicalName="OUT12" resourceID="1" subDeviceID="VOM203"></OutputBit>
      <OutputBit deviceID="VCM2" invert="false" logicalName="OUT11" resourceID="3" subDeviceID="VOM102"></OutputBit>
      <OutputBit deviceID="VCM2" invert="false" logicalName="OUT10" resourceID="1" subDeviceID="VOM102"></OutputBit>
      <OutputBit deviceID="VCM3" invert="false" logicalName="OUT9" resourceID="10" subDeviceID="VOM102"></OutputBit>
      <OutputBit deviceID="VCM1" invert="false" logicalName="OUT8" resourceID="4" subDeviceID="VOM102"></OutputBit>	  
      <OutputBit deviceID="VCM3" invert="false" logicalName="OUT7" resourceID="4" subDeviceID="VOM102"></OutputBit>
      <OutputBit deviceID="VCM3" invert="false" logicalName="OUT6" resourceID="3" subDeviceID="VOM102"></OutputBit>
      <OutputBit deviceID="VCM3" invert="false" logicalName="OUT5" resourceID="2" subDeviceID="VOM102"></OutputBit>
      <OutputBit deviceID="VCM3" invert="false" logicalName="OUT4" resourceID="1" subDeviceID="VOM102"></OutputBit>
      <OutputBit deviceID="VCM3" invert="false" logicalName="OUT3" resourceID="0" subDeviceID="VOM102"></OutputBit>
      <OutputBit deviceID="VCM1" invert="false" logicalName="OUT2" resourceID="x" subDeviceID="VOM102"></OutputBit>
      <OutputBit deviceID="VCM1" invert="false" logicalName="OUT1" resourceID="11" subDeviceID="VOM102"></OutputBit>
      <OutputBit deviceID="VCM2" invert="false" logicalName="OUT0" resourceID="10" subDeviceID="VOM102"></OutputBit>
    </OutputBits>
  </ResourceTypes>
  <EthernetDevices>    
    <EthernetDevice ID="VCM1" connectPort="5556" dataPort="5556" disabled="false" eventPort="5557" ipAddress="192.168.100.6" pollTime="25"></EthernetDevice>
    <EthernetDevice ID="VCM2" connectPort="5556" dataPort="5556" disabled="false" eventPort="5557" ipAddress="192.168.100.5" pollTime="25"></EthernetDevice>
    <EthernetDevice ID="VCM3" connectPort="5556" dataPort="5556" disabled="false" eventPort="5557" ipAddress="192.168.100.7" pollTime="25"></EthernetDevice>
  </EthernetDevices>
</VDSMapping>
